Network Name,MCC,MNC,IMSI_PREFIX,Realm,Country,Valid_From,Valid_To
"Viva, Kuwait",419,01,41901,,Kuwait,,
"Sky Mobile, Kyrgyzstan",437,01,43701,,Kyrgyzstan,,
"Nur Telecom, Kyrgyzstan",437,09,43709,,Kyrgyzstan,,
"Bite, Latvia",247,05,24705,,Latvia,,
"Econet Ezi Cel, Lesotho",651,02,65102,,Lesotho,,
"Bite UAB, Lithuania",246,02,24602,,Lithuania,,
"Celcom Telecommunications, Liberia",618,07,61807,,Liberia,,
"Comium, Liberia",618,04,61804,,Liberia,,
"Al Madar Al Jadeed, Libya",606,01,60601,,Libya,,
"Orange, Liechtenstein",295,02,29502,,Liechtenstein,,
"Entreprise des Postes et Télécommunications, Luxemburg",270,01,27001,,Luxembourg,,
"CTM, Macau",455,01,45501,,Macau,,
"T-Mobile, Macedonia",294,01,29401,,Macedonia,,
"Vip Operator DOOEL Skopje, Macedonia",294,03,29403,epc.mnc010.mcc219.3gppnetwork.org,Macedonia,,
"Airtel (Madacom), Madagascar",646,01,64601,,Madagascar,,
"Orange, Madagascar",646,02,64602,,Madagascar,,
"Telma Mobile, Madagascar",646,04,64604,,Madagascar,,
"Celcom, Malaysia",502,13,50213,,Malaysia,,
"Maxis Communications Berhad, Malaysia",502,12,50212,epc.mnc012.mcc502.3gppnetwork.org,Malaysia,,
"DiGi, Malaysia",502,16,50216,,Malaysia,,
"Smart Axiata (Malaysia Telcom), Cambodia",456,02,45602,epc.mnc002.mcc456.3gppnetwork.org,Cambodia,,
"Smart Axiata (Malaysia Telcom), Cambodia",456,02,45602,epc.mnc006.mcc456.3gppnetwork.org,Cambodia,,
"Smart Axiata (Malaysia Telcom), Cambodia",456,06,45606,epc.mnc002.mcc456.3gppnetwork.org,Cambodia,,
"Smart Axiata (Malaysia Telcom), Cambodia",456,06,45606,epc.mnc006.mcc456.3gppnetwork.org,Cambodia,,
"U Mobile, Malaysia",502,18,50218,,Malaysia,,
"Wataniya, Maladives",472,02,47202,,Maldives,,
"Malitel, Mali",610,01,61001,,Mali,,
"Orange, Mali",610,02,61002,,Mali,,
"Vodafone, Malta",278,01,27801,epc.mnc028.mcc901.3gppnetwork.org,Malta,,
"Vodafone, Malta",901,28,90128,epc.mnc028.mcc901.3gppnetwork.org,Malta,,
"Vodafone, Malta",901,19,90119,epc.mnc028.mcc901.3gppnetwork.org,Malta,,
"Emtel, Mauritius",617,10,61710,,Mauritius,,
"Cellplus Mobile Communications, Mauritius",617,01,61701,epc.mnc001.mcc617.3gppnetwork.org,Mauritius,,
"Pegaso PCS (Telefonica Moovstar), Mexico",334,030,334030,,Mexico,,
"NII Digital (Nextel 3G), Mexico",334,090,334090,,Mexico,,
"Monaco Telecom (VALA), Monaco",212,01,21201,,Monaco,,
"Cable and Wireless, Montserrat",354,860,354860,,Montserrat,,
"Crnogorski Telekom (MONET, T-Mobile), Montenegro",297,02,29702,,Montenegro,,
"Mocambique Celular (MCEL), Mozambique",643,01,64301,,Mozambique,,
"Vodacom, Mozambique",643,04,64304,,Mozambique,,
"MTC, Namibia",649,01,64901,,Namibia,,
"Powercom, Namibia",649,03,64903,,Namibia,,
"KPN, Netherlands",204,08,20408,epc.mnc008.mcc204.3gppnetwork.org,Netherlands,,
"T-Mobile, Netherlands",204,20,20420,,Netherlands,,
"T-Mobile, Netherlands",204,16,20416,,Netherlands,,
"Telfort, Netherlands",204,12,20412,,Netherlands,,
"Vodafone, Netherlands",204,04,20404,epc.mnc004.mcc204.3gppnetwork.org,Netherlands,,
"Two Degrees Mobile, New Zealand",530,24,53024,,New Zealand,,
"Spark, New Zealand",530,05,53005,epc.mnc005.mcc530.3gppnetwork.org,New Zealand,,
"Empresa Nicaraguense de Telecomunicaciones (ENITEL), Nicaragua",710,21,71021,,Nicaragua,,
"Empresa Nicaraguense de Telecomunicaciones (ENITEL), Nicaragua",710,73,71073,,Nicaragua,,
"Telecel, Niger",614,03,61403,,Niger,,
"Globacom, Nigeria",621,50,62150,,Nigeria,,
"Emerging Markets Telecommunication Services (Etisalat), Nigeria",621,60,62160,,Nigeria,,
"MTN, Nigeria",621,30,62130,,Nigeria,,
"Airtel, Nigeria",621,20,62120,,Nigeria,,
"CMPak, Pakistan",410,04,41004,,Pakistan,,
"Pakistan Mobile Company Limited (PMCL), Pakistan",410,01,41001,,Pakistan,,
"Warid Telecom, Pakistan",410,07,41007,,Pakistan,,
"Digicel, Panama",714,04,71404,,Panama,,
"BMobile Limited, Papua New Guinea",537,01,53701,,Papua New Guinea,,
"Globe Telecom, Phillipines",515,02,51502,,Phillipines,,
"Digital Telecommunications Phils, Phillipines",515,05,51505,,Phillipines,,
"Smart Communications, Phillipines",515,03,51503,epc.mnc003.mcc515.3gppnetwork.org,Phillipines,,
"T-Mobile Polska, Poland",260,02,26002,epc.mnc002.mcc260.3gppnetwork.org,Poland,,
"NOS – Comunicações, Portugal",268,03,26803,epc.mnc003.mcc268.3gppnetwork.org,Portugal,,
"NOS – Comunicações, Portugal",268,03,26803,epc.mnc006.mcc268.3gppnetwork.org,Portugal,,
"Vodafone, Portugal",268,01,26801,,Portugal,,
"MEO - Serviços de Comunicações e Multimédia,  Portugal",268,06,26806,,Portugal,,
"Puerto Rico Telephone Company (CLARO), Puerto Rico",330,110,330110,,Puerto Rico,,
"Ooredoo, Qatar",427,01,42701,epc.mnc001.mcc427.3gppnetwork.org,Qatar,,
"Telekom Romania Mobile Communications, Romania",226,03,22603,,Romania,,
"Vodafone, Romania",226,01,22601,,Romania,,
"OJSC VimpelCom (BEELINE), Russian Federation",250,99,25099,,Russian Federation,,
"Tele2/ECC/Volgogr, Russian Federation",250,20,25020,,Russian Federation,,
"LLC Ekaterinburg-2000 (MOTIV), Russian Federation",250,35,25035,,Russian Federation,,
"OJSC Mobile TeleSystems (MTS), Russian Federation",250,01,25001,epc.mnc001.mcc250.3gppnetwork.org,Russian Federation,,
"CJSC Baykalwestcom (BWC), Russian Federation",250,12,25012,,Russian Federation,,
"Tigo, Rwanda",635,13,63513,,Rwanda,,
"Etihad Etisalat Company MOBILY,  Saudi Arabia",420,03,42003,epc.mnc003.mcc420.3gppnetwork.org,Saudi Arabia,,
"Zain, Saudi Arabia",420,04,42004,,Saudi Arabia,,
"SONATEL (Orange), Senegal",608,01,60801,,Senegal,,
"Sentel, Senegal",608,02,60802,,Senegal,,
"Telekom Srbija MTS, Serbia",220,03,22003,,Serbia,,
"Comium, Sierra Leone",619,04,61904,,Sierra Leone,,
"Lintel Africell Sierra Leone, Sierra Leone",619,05,61905,,Sierra Leone,,
"Airtel, Sierra Leone",619,01,61901,,Sierra Leone,,
"Singapore Telecom Mobile, Singapore",525,01,52501,epc.mnc001.mcc525.3gppnetwork.org,Singapore,,
"Singapore Telecom Mobile, Singapore",525,02,52502,epc.mnc001.mcc525.3gppnetwork.org,Singapore,,
"MobileOne, Singapore",525,03,52503,epc.mnc003.mcc525.3gppnetwork.org,Singapore,,
"Slovak Telecom, Slovakia",231,02,23102,,Slovakia,,
"Mobitel, Slovenia",293,41,29341,,Slovenia,,
"Tusmobil, Slovenia",293,70,29370,,Slovenia,,
"Vodacom, South Africa",655,01,65501,,South Africa,,
"MTN, South Africa",655,10,65510,,South Africa,,
"Cell C, South Africa",655,07,65507,,South Africa,,
"SK Telecom, South Korea",450,05,45005,epc.mnc005.mcc450.3gppnetwork.org,South Korea,,
"KT, South Korea",450,02,45002,,South Korea,,
"Vodafone, Spain",214,01,21401,epc.mnc001.mcc214.3gppnetwork.org,Spain,,
"France Telecom Espana SA (Orange), Spain",214,09,21409,,Spain,,
"Orange, Spain",214,03,21403,epc.mnc003.mcc214.3gppnetwork.org,Spain,,
"Telefónica Móviles Espana, Spain",214,07,21407,,Spain,,
"MTN, Afghanistan",412,40,41240,,Afghanistan,,
"Telecom Development Company, Afganistan",412,20,41220,,Afghanistan,,
"Mobilis - Algeria Telecom Mobile, Algeria",603,01,60301,,Algeria,,
"Orascom Telecom, Algeria",603,02,60302,,Algeria,,
"Unitel, Angola",631,02,63102,,Angola,,
"Cable and Wireless, Anguilla",365,840,365840,,Anguilla,,
"Telecom Personal, Argentina",722,34,72234,,Argentina,,
"ArmenTel, Armenia",283,01,28301,,Armenia,,
"Vodafone Hutchison, Australia",505,03,50503,EPC.MNC003.MCC505.3GPPNETWORK.ORG,Australia,,
"Mobilkom, Austria",232,01,23201,epc.mnc001.mcc232.3gppnetwork.org,Austria,,
"Mobilkom, Austria",232,08,23208,epc.mnc001.mcc232.3gppnetwork.org,Austria,,
"Mobilkom, Austria",232,09,23209,epc.mnc001.mcc232.3gppnetwork.org,Austria,,
"Mobilkom, Austria",232,11,23211,epc.mnc001.mcc232.3gppnetwork.org,Austria,,
"Mobilkom, Austria",232,15,23215,epc.mnc001.mcc232.3gppnetwork.org,Austria,,
"T-Mobile, Austria",232,03,23203,,Austria,,
"T-Mobile, Austria",232,07,23207,,Austria,,
"Azerfon, Azerbaijan",400,04,40004,,Azerbaijan,,
"BTC, Bahamas",364,39,36439,,Bahamas,,
"Robi Axiata (AKTEL), Bangladesh",470,02,47002,,Bangladesh,,
"Cable and Wireless, Barbados",342,600,342600,,Barbados,,
"JLLC Mobile TeleSystems, Belarus ",257,02,25702,,Belarus,,
"Unitary enterprise velcom, Belarus",257,01,25701,,Belarus,,
"BASE Company NV/SA, Belgium",206,20,20620,epc.mnc020.mcc206.3gppnetwork.org,Belgium,,
"Mobistar, Belgium",206,10,20610,epc.mnc010.mcc206.3gppnetwork.org,Belgium,,
"Belgacom Mobile (Proximus), Belgium",206,01,20601,,Belgium,,
"Spacetel, Benin",616,03,61603,,Benin,,
"Etisalat Moov, Benin",616,02,61602,,Benin,,
"Orange, Botswana",652,02,65202,,Botswana,,
"Mascom, Botswana",652,01,65201,,Botswana,,
"Botswana Telecommunications Corporation (BTC/BeMobile), Botswana",652,04,65204,,Botswana,,
"Brasil Telecom Cellular, Brazil",724,16,72416,,Brazil,,
"Vivo, Brazil",724,06,72406,,Brazil,,
"Vivo, Brazil",724,10,72410,,Brazil,,
"Vivo, Brazil",724,11,72411,,Brazil,,
"Vivo, Brazil",724,23,72423,,Brazil,,
"Globul, Bulgaria",284,05,28405,,Bulgaria,,
"Mobiltel EAD, Bulgaria",284,01,28401,,Bulgaria,,
"U-Com SA  (Telecel), Burundi",642,82,64282,,Burundi,,
"CamGSM, Cambodia",456,01,45601,,Cambodia,,
"CADCOMMS, Cambodia",456,04,45604,,Cambodia,,
"Latelz, Cambodia",456,06,45606,,Cambodia,,
"Viettel Metfone, Cambodia",456,08,45608,,Cambodia,,
"MTN, Cameroon",624,01,62401,,Cameroon,,
"Rogers Wireless Partnership, Canada",302,720,302720,,Canada,,
"Fido Solutions, Canada",302,370,302370,,Canada,,
"Telus, Canada",302,220,302220,,Canada,,
"Bell Mobility, Canada",302,610,302610,,Canada,,
"Unitel- T Tecomm, Cape Verde",625,02,62502,,Cape Verde,,
"Cable and Wireless, Cayman Islands",346,140,346140,,Cayman Islands,,
"Tigo, Chad",622,03,62203,,Chad,,
"China Unicom, China",460,01,46001,,China,,
"Croatian Telecom (T-Mobile), Croatia",219,01,21901,,Croatia,,
"Vipnet, Croatia",219,10,21910,,Croatia,,
"Areeba (SCANCOM), Cyprus",280,10,28010,,Cyprus,,
"T-Mobile, Czech Republic",230,01,23001,,Czech Republic,,
"Vodafone, Czech Republic",230,03,23003,,Czech Republic,,
"TDC Mobil, Denmark",238,01,23801,,Denmark,,
"H3G, Denmark",238,06,23806,,Denmark,,
"Telia, Denmark",238,20,23820,epc.mnc020.mcc238.3gppnetwork.org,Denmark,,
"Telia, Denmark",238,30,23830,epc.mnc020.mcc238.3gppnetwork.org,Denmark,,
"Compania Dominicana de Teléfonos (Claro), Dominican Republic",370,02,37002,epc.mnc002.mcc370.3gppnetwork.org,Dominican Republic,,
"Cable and Wireless, Dominica",366,110,366110,,Dominica,,
"Airtel, Congo",629,01,62901,,Congo Brazzaville,,
"Vodacom, DRC",630,01,63001,,DR Congo,,
"OASIS Tigo, DRC",630,89,63089,,DR Congo,,
"Airtel, DRC",630,02,63002,,DR Congo,,
"Mobinil, Egypt",602,01,60201,,Egypt,,
"Etisalat, Egypt",602,03,60203,,Egypt,,
"Vodafone, Egypt",602,02,60202,,Egypt,,
"AS EMT, Estonia",248,01,24801,epc.mnc001.mcc248.3gppnetwork.org,Estonia,,
"Elisa, Estonia",248,02,24802,epc.mnc002.mcc248.3gppnetwork.org,Estonia,,
"Ethiopian Telecommunications Corporation, Ethiopia",636,01,63601,,Ethiopia,,
"Vodafone, Fiji",542,01,54201,,Fiji,,
"Digicel, Fiji",542,02,54202,,Fiji,,
"DNA, Finland",244,03,24403,,Finland,,
"DNA, Finland",244,12,24412,,Finland,,
"Elisa, Finland",244,05,24405,epc.mnc005.mcc244.3gppnetwork.org,Finland,,
"Elisa, Finland",244,21,24421,epc.mnc005.mcc244.3gppnetwork.org,Finland,,
"Bouygues Telecom, France",208,20,20820,epc.mnc020.mcc208.3gppnetwork.org,France,,
"Free Mobile, France",208,15,20815,,France,,
"Airtel, Gabon",628,03,62803,,Gabon,,
"Africell, Gambia",607,02,60702,,Gambia,,
"Comium, Gambia   ",607,03,60703,,Gambia   ,,
"Magticom, Georgia",282,02,28202,,Georgia,,
"E-Plus Mobilink, Germany",262,03,26203,,Germany,,
"Telekom Deutchland (T-Mobile), Germany",262,01,26201,,Germany,,
"Areeba (Scancom), Ghana",620,01,62001,,Ghana,,
"Millicom, Ghana",620,03,62003,,Ghana,,
"Mobile Telecommunications (COSMOTE), Greece",202,01,20201,epc.mnc001.mcc202.3gppnetwork.org,Greece,,
"Wind Hellas Telecommunications, Greece",202,09,20209,,Greece,,
"Wind Hellas Telecommunications, Greece",202,10,20210,,Greece,,
"Cable and Wireless, Grenada",352,110,352110,,Grenada,,
"Cellcom, Guinea",618,05,61805,,Guinea,,
"Cellcom, Guinea",618,07,61807,,Guinea,,
"Orange, Guinea",611,01,61101,,Guinea,,
"MTN, Guinea Bissau",632,02,63202,,Guinea Bissau,,
"SmarTone Mobile Communications, Hong Kong",454,06,45406,epc.mnc006.mcc454.3gppnetwork.org,Hong Kong,,
"HKT PCCW, Hong Kong",454,16,45416,epc.mnc019.mcc454.3gppnetwork.org,Hongkong,,
"HKT PCCW, Hong Kong",454,19,45419,epc.mnc019.mcc454.3gppnetwork.org,Hongkong,,
"CSL, Hong Kong",454,00,45400,epc.mnc000.mcc454.3gppnetwork.org,Hong Kong,,
"CSL, Hong Kong",454,10,45410,epc.mnc000.mcc454.3gppnetwork.org,Hong Kong,,
"CSL, Hong Kong",454,09,45409,epc.mnc000.mcc454.3gppnetwork.org,Hong Kong,,
"CSL, Hong Kong",454,02,45402,epc.mnc000.mcc454.3gppnetwork.org,Hong Kong,,
"CSL, Hong Kong",454,18,45418,epc.mnc000.mcc454.3gppnetwork.org,Hong Kong,,
"Hutchison Telecom, Hongkong",454,03,45403,,Hongkong,,
"Hutchison Telecom, Hongkong",454,04,45404,,Hongkong,,
"IMC Island ehf, Iceland",274,04,27404,,Iceland,,
"Siminn hf, Iceland",274,01,27401,,Iceland,,
"Siminn hf, Iceland",274,08,27408,,Iceland,,
"Mahanagar Telephone Nigam, India",404,68,40468,,India,,
"Mahanagar Telephone Nigam, India",404,69,40469,,India,,
"Spice Communications, India",404,44,40444,,India,,
"Spice Communications, India",404,14,40414,,India,,
"Bharat Sanchar Nigam, India",404,34,40434,,India,,
"Bharat Sanchar Nigam, India",405,74,40574,,India,,
"Loop (BPL) Mobile Communications Mumbai, India",404,21,40421,,India,,
"Vodafone Essar, India",404,11,40411,,India,,
"Vodafone Essar, India",404,05,40405,,India,,
"Vodafone Essar, India",404,30,40430,,India,,
"Vodafone Essar, India",404,20,40420,,India,,
"Reliance Telecom Private, India",405,50,40550,,India,,
"Reliance Telecom Private, India",404,67,40467,,India,,
"Bharti Airtel Delhi, India",404,02,40402,,India,,
"Bharti Airtel Delhi, India",404,03,40403,,India,,
"Bharti Airtel Delhi, India",404,10,40410,,India,,
"Bharti Airtel Delhi, India",404,31,40431,,India,,
"Bharti Airtel Delhi, India",404,40,40440,,India,,
"Bharti Airtel Delhi, India",404,45,40445,,India,,
"Bharti Airtel Delhi, India",404,49,40449,,India,,
"Bharti Airtel Delhi, India",404,70,40470,,India,,
"Bharti Airtel Delhi, India",404,90,40490,,India,,
"Bharti Airtel Delhi, India",404,92,40492,,India,,
"Bharti Airtel Delhi, India",404,93,40493,,India,,
"Bharti Airtel Delhi, India",404,94,40494,,India,,
"Bharti Airtel Delhi, India",404,95,40495,,India,,
"Bharti Airtel Delhi, India",404,96,40496,,India,,
"Bharti Airtel Delhi, India",404,97,40497,,India,,
"Bharti Airtel Delhi, India",404,98,40498,,India,,
"Aircel, India",405,801,405801,epc.mnc045.mcc404.3gppnetowork.org,India,,
"Aircel, India",405,801,405801,epc.mnc002.mcc404. 3gppnetowork.org,India,,
"Aircel, India",405,801,405801,EPC.MNC090.MCC404.3GPPNETWORK.ORG,India,,
"Aircel, India",405,801,405801,EPC.MNC031.MCC404.3GPPNETWORK.ORG,India,,
"Aircel, India",404,25,40425,epc.mnc045.mcc404.3gppnetowork.org,India,,
"Aircel, India",404,25,40425,epc.mnc002.mcc404. 3gppnetowork.org,India,,
"Aircel, India",404,25,40425,EPC.MNC090.MCC404.3GPPNETWORK.ORG,India,,
"Aircel, India",404,25,40425,EPC.MNC031.MCC404.3GPPNETWORK.ORG,India,,
"Aircel, India",404,41,40441,epc.mnc045.mcc404.3gppnetowork.org,India,,
"Aircel, India",404,41,40441,epc.mnc002.mcc404. 3gppnetowork.org,India,,
"Aircel, India",404,41,40441,EPC.MNC090.MCC404.3GPPNETWORK.ORG,India,,
"Aircel, India",404,41,40441,EPC.MNC031.MCC404.3GPPNETWORK.ORG,India,,
"Aircel, India",405,800,405800,epc.mnc045.mcc404.3gppnetowork.org,India,,
"Aircel, India",405,800,405800,epc.mnc002.mcc404. 3gppnetowork.org,India,,
"Aircel, India",405,800,405800,EPC.MNC090.MCC404.3GPPNETWORK.ORG,India,,
"Aircel, India",405,800,405800,EPC.MNC031.MCC404.3GPPNETWORK.ORG,India,,
"Aircel, India",404,35,40435,epc.mnc045.mcc404.3gppnetowork.org,India,,
"Aircel, India",404,35,40435,epc.mnc002.mcc404. 3gppnetowork.org,India,,
"Aircel, India",404,35,40435,EPC.MNC090.MCC404.3GPPNETWORK.ORG,India,,
"Aircel, India",404,35,40435,EPC.MNC031.MCC404.3GPPNETWORK.ORG,India,,
"Aircel, India",405,803,405803,epc.mnc045.mcc404.3gppnetowork.org,India,,
"Aircel, India",405,803,405803,epc.mnc002.mcc404. 3gppnetowork.org,India,,
"Aircel, India",405,803,405803,EPC.MNC090.MCC404.3GPPNETWORK.ORG,India,,
"Aircel, India",405,803,405803,EPC.MNC031.MCC404.3GPPNETWORK.ORG,India,,
"Aircel, India",405,809,405809,epc.mnc045.mcc404.3gppnetowork.org,India,,
"Aircel, India",405,809,405809,epc.mnc002.mcc404. 3gppnetowork.org,India,,
"Aircel, India",405,809,405809,EPC.MNC090.MCC404.3GPPNETWORK.ORG,India,,
"Aircel, India",405,809,405809,EPC.MNC031.MCC404.3GPPNETWORK.ORG,India,,
"Aircel, India",404,91,40491,epc.mnc045.mcc404.3gppnetowork.org,India,,
"Aircel, India",404,91,40491,epc.mnc002.mcc404. 3gppnetowork.org,India,,
"Aircel, India",404,91,40491,EPC.MNC090.MCC404.3GPPNETWORK.ORG,India,,
"Aircel, India",404,91,40491,EPC.MNC031.MCC404.3GPPNETWORK.ORG,India,,
"Aircel, India",405,804,405804,epc.mnc045.mcc404.3gppnetowork.org,India,,
"Aircel, India",405,804,405804,epc.mnc002.mcc404. 3gppnetowork.org,India,,
"Aircel, India",405,804,405804,EPC.MNC090.MCC404.3GPPNETWORK.ORG,India,,
"Aircel, India",405,804,405804,EPC.MNC031.MCC404.3GPPNETWORK.ORG,India,,
"Aircel, India",405,805,405805,epc.mnc045.mcc404.3gppnetowork.org,India,,
"Aircel, India",405,805,405805,epc.mnc002.mcc404. 3gppnetowork.org,India,,
"Aircel, India",405,805,405805,EPC.MNC090.MCC404.3GPPNETWORK.ORG,India,,
"Aircel, India",405,805,405805,EPC.MNC031.MCC404.3GPPNETWORK.ORG,India,,
"Aircel, India",404,28,40428,epc.mnc045.mcc404.3gppnetowork.org,India,,
"Aircel, India",404,28,40428,epc.mnc002.mcc404. 3gppnetowork.org,India,,
"Aircel, India",404,28,40428,EPC.MNC090.MCC404.3GPPNETWORK.ORG,India,,
"Aircel, India",404,28,40428,EPC.MNC031.MCC404.3GPPNETWORK.ORG,India,,
"Aircel, India",404,42,40442,epc.mnc045.mcc404.3gppnetowork.org,India,,
"Aircel, India",404,42,40442,epc.mnc002.mcc404. 3gppnetowork.org,India,,
"Aircel, India",404,42,40442,EPC.MNC090.MCC404.3GPPNETWORK.ORG,India,,
"Aircel, India",404,42,40442,EPC.MNC031.MCC404.3GPPNETWORK.ORG,India,,
"Aircel, India",405,810,405810,epc.mnc045.mcc404.3gppnetowork.org,India,,
"Aircel, India",405,810,405810,epc.mnc002.mcc404. 3gppnetowork.org,India,,
"Aircel, India",405,810,405810,EPC.MNC090.MCC404.3GPPNETWORK.ORG,India,,
"Aircel, India",405,810,405810,EPC.MNC031.MCC404.3GPPNETWORK.ORG,India,,
"Aircel, India",405,811,405811,epc.mnc045.mcc404.3gppnetowork.org,India,,
"Aircel, India",405,811,405811,epc.mnc002.mcc404. 3gppnetowork.org,India,,
"Aircel, India",405,811,405811,EPC.MNC090.MCC404.3GPPNETWORK.ORG,India,,
"Aircel, India",405,811,405811,EPC.MNC031.MCC404.3GPPNETWORK.ORG,India,,
"Aircel, India",404,17,40417,epc.mnc045.mcc404.3gppnetowork.org,India,,
"Aircel, India",404,17,40417,epc.mnc002.mcc404. 3gppnetowork.org,India,,
"Aircel, India",404,17,40417,EPC.MNC090.MCC404.3GPPNETWORK.ORG,India,,
"Aircel, India",404,17,40417,EPC.MNC031.MCC404.3GPPNETWORK.ORG,India,,
"Aircel, India",404,29,40429,epc.mnc045.mcc404.3gppnetowork.org,India,,
"Aircel, India",404,29,40429,epc.mnc002.mcc404. 3gppnetowork.org,India,,
"Aircel, India",404,29,40429,EPC.MNC090.MCC404.3GPPNETWORK.ORG,India,,
"Aircel, India",404,29,40429,EPC.MNC031.MCC404.3GPPNETWORK.ORG,India,,
"Aircel, India",404,33,40433,epc.mnc045.mcc404.3gppnetowork.org,India,,
"Aircel, India",404,33,40433,epc.mnc002.mcc404. 3gppnetowork.org,India,,
"Aircel, India",404,33,40433,EPC.MNC090.MCC404.3GPPNETWORK.ORG,India,,
"Aircel, India",404,33,40433,EPC.MNC031.MCC404.3GPPNETWORK.ORG,India,,
"Aircel, India",404,37,40437,epc.mnc045.mcc404.3gppnetowork.org,India,,
"Aircel, India",404,37,40437,epc.mnc002.mcc404. 3gppnetowork.org,India,,
"Aircel, India",404,37,40437,EPC.MNC090.MCC404.3GPPNETWORK.ORG,India,,
"Aircel, India",404,37,40437,EPC.MNC031.MCC404.3GPPNETWORK.ORG,India,,
"Idea, India",404,07,40407,,India,,
"Idea, India",405,845,405845,,India,,
"Idea, India",405,70,40570,,India,,
"Idea, India",404,04,40404,,India,,
"Idea, India",404,24,40424,,India,,
"Idea, India",404,12,40412,,India,,
"Idea, India",404,82,40482,,India,,
"Idea, India",404,44,40444,,India,,
"Idea, India",404,19,40419,,India,,
"Idea, India",404,78,40478,,India,,
"Idea, India",404,22,40422,,India,,
"Idea, India",405,799,405799,,India,,
"Idea, India",404,14,40414,,India,,
"Idea, India",404,87,40487,,India,,
"Idea, India",404,89,40489,,India,,
"Idea, India",404,56,40456,,India,,
"Idea, India",405,846,405846,,India,,
"Idea, India",405,848,405848,,India,,
"Idea, India",405,849,405849,,India,,
"Idea, India",405,850,405850,,India,,
"Idea, India",405,852,405852,,India,,
"Idea, India",405,853,405853,,India,,
"Tata Docomo, India",405,25,40525,,India,,
"Tata Docomo, India",405,27,40527,,India,,
"Tata Docomo, India",405,29,40529,,India,,
"Tata Docomo, India",405,30,40530,,India,,
"Tata Docomo, India",405,31,40531,,India,,
"Tata Docomo, India",405,32,40532,,India,,
"Tata Docomo, India",405,34,40534,,India,,
"Tata Docomo, India",405,35,40535,,India,,
"Tata Docomo, India",405,36,40536,,India,,
"Tata Docomo, India",405,38,40538,,India,,
"Tata Docomo, India",405,37,40537,,India,,
"Tata Docomo, India",405,39,40539,,India,,
"Tata Docomo, India",405,41,40541,,India,,
"Tata Docomo, India",405,42,40542,,India,,
"Tata Docomo, India",405,43,40543,,India,,
"Tata Docomo, India",405,47,40547,,India,,
"Tata Docomo, India",405,44,40544,,India,,
"Tata Docomo, India",405,45,40545,,India,,
"Tata Docomo, India",405,46,40546,,India,,
"Axis, Indonesia",510,08,51008,,Indonesia,,
"Telkomsel, Indonesia",510,10,51010,epc.mnc010.mcc510.3gppnetwork.org,Indonesia,,
"MTN Irancell, Iran",432,35,43235,,Iran,,
"Vodafone, Ireland",272,01,27201,epc.mnc001.mcc272.3gppnetwork.org,Ireland,,
"Cellcom, Israel",425,02,42502,epc.mnc002.mcc425.3gppnetwork.org,Israel,,
"Cellcom, Israel",425,15,42515,epc.mnc002.mcc425.3gppnetwork.org,Israel,,
"Partner Communications Company (Orange), Israel",425,01,42501,epc.mnc001.mcc425.3gppnetwork.org,Israel,,
"Pelephone, Israel",425,03,42503,,Israel,,
"Vodafone Omnitel, Italy",222,10,22210,EPC.MNC010.MCC222.3GPPNETWORK.ORG,Italy,,
"Telecom Italia, Italy",222,01,22201,epc.mnc001.mcc222.3gppnetwork.org,Italy,,
"H3G, Italy",222,99,22299,,Italy,,
"Orange, Ivory Coast",612,03,61203,,Ivory Coast,,
"MTN, Ivory Coast",612,05,61205,,Ivory Coast,,
"Cable and Wireless, Jamaica",338,180,338180,,Jamaica,,
"SoftBank Mobile, Japan",440,20,44020,,Japan,,
"KDDI, Japan",440,50,44050,epc.mnc050.mcc440.3gppnetwork.org,Japan,,
"KDDI, Japan",440,50,44050,epc.mnc051.mcc440.3gppnetwork.org,Japan,,
"KDDI, Japan",440,51,44051,epc.mnc050.mcc440.3gppnetwork.org,Japan,,
"KDDI, Japan",440,51,44051,epc.mnc051.mcc440.3gppnetwork.org,Japan,,
"Jordan Mobile Telephone Services (JMTS), Jordan",416,01,41601,,Jordan,,
"Safaricom Limited, Kenya",639,02,63902,,Kenya,,
"Aitel Kenya Limited, Kenya",639,03,63903,,Kenya,,
"Essar Telecom, Kenya",639,05,63905,,Kenya,,
"Telkom, Kenya",639,07,63907,,Kenya,,
"Dialog Axiata, Sri Lanka",413,02,41302,epc.mnc002.mcc413.3gppnetwork.org,Sri Lanka,,
"Dialog Axiata, Sri Lanka",413,01,41301,epc.mnc002.mcc413.3gppnetwork.org,Sri Lanka,,
"Mobitel, Sri Lanka",,,,EPC.MNC001.MCC413.3GPPNETWORK.ORG,Sri Lanka,,
"MTN, Swaziland",653,10,65310,,Swaziland,,
"Hi3G Access, Sweden",240,03,24003,,Sweden,,
"Telenor, Sweden",240,08,24008,epc.mnc008.mcc240.3gppnetwork.org,Sweden,,
"Orange, Switserland",228,03,22803,epc.mnc003.mcc228.3gppnetwork.org,Switserland,,
"Sunrise Communications, Switserland",228,02,22802,,Switzerland,,
"Swisscom, Switserland",228,01,22801,epc.mnc001.mcc228.3gppnetwork.org,Switserland,,
"Syriatel Mobile Telecom, Syria",417,01,41701,,Syria,,
"Cable and Wireless, St. Kitts",356,110,356110,,St. Kitts,,
"Cable and Wireless, St. Lucia",358,110,358110,,St. Lucia,,
"Cable and Wireless, St. Vincent",360,110,360110,,St. Vincent,,
"Sudanese Mobile Telephone (Zain) Co.,  Sudan",634,01,63401,,Sudan,,
"KG Telecom, Taiwan",466,88,46688,,Taiwan,,
"FarEasTaiwan(K2R), Taiwan",466,01,46601,,Taiwan,,
"Taiwan Mobile, Taiwan",466,97,46697,,Taiwan,,
"MIC (Mobitel), Tanzania",640,02,64002,,Tanzania,,
"Airtel, Tanzania",640,05,64005,,Tanzania,,
"Vodacom, Tanzania",640,04,64004,,Tanzania,,
"True Move Company, Thailand",520,99,52099,,Thailand,,
"Digicel, Trinidad&Tobago",374,130,374130,,Trinidad&Tobago,,
"Ooredoo, Tunesia",605,03,60503,,Tunesia,,
"Orange, Tunesia",605,01,60501,,Tunesia,,
"Avea Iletisim Hizmetleri A.S.   (Aria), Turkey",286,03,28603,,Turkey,,
"Vodafone Telekomunikasyon A.S.(VTAS), Turkey",286,02,28602,,Turkey,,
"Vodafone Mobile Operations Limited (VMOL), Turkey",287,04,28704,,Turkey,,
"Cable and Wireless, Turks and Caicos",376,350,376350,,Turks and Caicos,,
"ETISALAT, UAE",424,02,42402,epc.mnc002.mcc424.3gppnetwork.org,UAE,,
"Emirates Integrated Telecommunications Company (DU), UAE",424,03,42403,dra.mnc003.mcc424.3gppnetwork.org,UAE,,
"Uganda Telecom, Uganda",641,11,64111,,Uganda,,
"Airtel, Uganda",641,01,64101,,Uganda,,
"MTN, Uganda",641,10,64110,,Uganda,,
"Warid Telecom, Uganda",641,22,64122,,Uganda,,
"MTS, Ukraine",255,01,25501,,Ukraine,,
"Astelit, Ukraine",255,06,25506,,Ukraine,,
"Vodafone, UK",234,15,23415,epc.mnc015.mcc234.3gppnetwork.org,United Kingdom,,
"T-Mobile, UK",234,30,23430,,United Kingdom,,
"Orange, UK",234,33,23433,,United Kingdom,,
"Cable and Wireless, UK",234,55,23455,,United Kingdom,,
"O2, UK",234,10,23410,,United Kingdom,,
"Jersey Telecom, UK",234,50,23450,,United Kingdom,,
"Manx Telecom, UK",234,58,23458,,United Kingdom,,
"Hutchingson 3G, UK",234,20,23420,,United Kingdom,,
"AT&T Mobility, USA",310,380,310380,,USA,,
"AT&T Mobility, USA",310,150,310150,,USA,,
"AT&T Mobility, USA",310,410,310410,,USA,,
"AT&T Mobility, USA",310,170,310170,,USA,,
"Sprint, USA",316,010,316010,lte.sprint.com,USA,,
"Sprint, USA",310,120,310120,lte.sprint.com,USA,,
"Unitel, Uzbekistan",434,04,43404,,Uzbekistan,,
"Digitel, Venezuela",734,01,73401,,Venezuela,,
"Viettel, Vietnam",452,04,45204,,Vietnam,,
"Cable and Wireless, British Virgin Islands",348,170,348170,,Virgin Islands (British),,
"Sabafon, Yemen",421,01,42101,,Yemen,,
"Airtel, Zambia",645,01,64501,,Zambia,,
"MTN, Zambia",645,02,64502,,Zambia,,
"ZAMTEL (Cell Z), Zambia",645,03,64503,,Zambia,,
"Zanzibar Telecom, Tanzania",640,03,64003,,"Zanzibar , Tanzania",,
"Telecel Zimbabwe, Zimbabwe",648,03,64803,,Zimbabwe,,
"Net*One Cellular, Zimbabwe",648,01,64801,,Zimbabwe,,
"Econet, Zimbabwe",648,04,64804,econetlte.co.zw,Zimbabwe,,
"Cable and Wireless, Antigua",344,920,344920,,Antigua,,
"Orange, Luxemburg",270,99,27099,epc.mnc099.mcc270.3gppnetwork.org,Luxembourg,,
"Togo Cell, Togo",615,01,61501,,Togo,,
"Togo Cell, Togo",615,01,61501,,Togo,,
"Moov, Togo",615,03,61503,,Togo,,
"Moov (Atlantique Telecom), Ivory Coast",612,02,61202,,Ivory Coast,,
"Koz, Ivory Coast",612,04,61204,,Ivory Coast,,
"OriCel, Ivory Coast",612,05,61205,,Ivory Coast,,
Telekom Networks Malawi Limited,650,01,65001,,Malawi,,
